[
    {
        "pk": 2, 
        "model": "employees.employeetype", 
        "fields": {
            "name": "Contract"
        }
    }, 
    {
        "pk": 3, 
        "model": "employees.employeetype", 
        "fields": {
            "name": "IT"
        }
    }, 
    {
        "pk": 4, 
        "model": "employees.employeetype", 
        "fields": {
            "name": "NYSC"
        }
    }, 
    {
        "pk": 1, 
        "model": "employees.employeetype", 
        "fields": {
            "name": "Permanent"
        }
    }, 
    {
        "pk": 5, 
        "model": "employees.employeetype", 
        "fields": {
            "name": "Temporary"
        }
    }, 
    {
        "pk": 1, 
        "model": "employees.bank", 
        "fields": {
            "name": "Access Bank"
        }
    }, 
    {
        "pk": 28, 
        "model": "employees.bank", 
        "fields": {
            "name": "Afribank"
        }
    }, 
    {
        "pk": 29, 
        "model": "employees.bank", 
        "fields": {
            "name": "Bank PHB"
        }
    }, 
    {
        "pk": 35, 
        "model": "employees.bank", 
        "fields": {
            "name": "Cash"
        }
    }, 
    {
        "pk": 4, 
        "model": "employees.bank", 
        "fields": {
            "name": "CitiBank"
        }
    }, 
    {
        "pk": 5, 
        "model": "employees.bank", 
        "fields": {
            "name": "Diamond Bank"
        }
    }, 
    {
        "pk": 6, 
        "model": "employees.bank", 
        "fields": {
            "name": "EcoBank"
        }
    }, 
    {
        "pk": 27, 
        "model": "employees.bank", 
        "fields": {
            "name": "Enterprise Bank"
        }
    }, 
    {
        "pk": 30, 
        "model": "employees.bank", 
        "fields": {
            "name": "Equatorial Trust Bank"
        }
    }, 
    {
        "pk": 8, 
        "model": "employees.bank", 
        "fields": {
            "name": "Fidelity Bank"
        }
    }, 
    {
        "pk": 31, 
        "model": "employees.bank", 
        "fields": {
            "name": "FinBank"
        }
    }, 
    {
        "pk": 9, 
        "model": "employees.bank", 
        "fields": {
            "name": "First Bank of Nigeria"
        }
    }, 
    {
        "pk": 10, 
        "model": "employees.bank", 
        "fields": {
            "name": "First City Monument Bank"
        }
    }, 
    {
        "pk": 12, 
        "model": "employees.bank", 
        "fields": {
            "name": "GTBank"
        }
    }, 
    {
        "pk": 32, 
        "model": "employees.bank", 
        "fields": {
            "name": "Intercontinental Bank"
        }
    }, 
    {
        "pk": 25, 
        "model": "employees.bank", 
        "fields": {
            "name": "Keystone Bank"
        }
    }, 
    {
        "pk": 26, 
        "model": "employees.bank", 
        "fields": {
            "name": "Mainstreet Bank"
        }
    }, 
    {
        "pk": 33, 
        "model": "employees.bank", 
        "fields": {
            "name": "Oceanic Bank"
        }
    }, 
    {
        "pk": 15, 
        "model": "employees.bank", 
        "fields": {
            "name": "Skye Bank"
        }
    }, 
    {
        "pk": 34, 
        "model": "employees.bank", 
        "fields": {
            "name": "Spring Bank"
        }
    }, 
    {
        "pk": 17, 
        "model": "employees.bank", 
        "fields": {
            "name": "Stanbic IBTC Bank Nigeria Limited"
        }
    }, 
    {
        "pk": 18, 
        "model": "employees.bank", 
        "fields": {
            "name": "Standard Chartered Bank"
        }
    }, 
    {
        "pk": 19, 
        "model": "employees.bank", 
        "fields": {
            "name": "Sterling Bank"
        }
    }, 
    {
        "pk": 20, 
        "model": "employees.bank", 
        "fields": {
            "name": "Union Bank of Nigeria"
        }
    }, 
    {
        "pk": 21, 
        "model": "employees.bank", 
        "fields": {
            "name": "United Bank for Africa"
        }
    }, 
    {
        "pk": 22, 
        "model": "employees.bank", 
        "fields": {
            "name": "Unity Bank Plc."
        }
    }, 
    {
        "pk": 23, 
        "model": "employees.bank", 
        "fields": {
            "name": "Wema Bank"
        }
    }, 
    {
        "pk": 24, 
        "model": "employees.bank", 
        "fields": {
            "name": "Zenith Bank"
        }
    }, 
    {
        "pk": 2, 
        "model": "employees.pensioncustodian", 
        "fields": {
            "website": "http://www.diamondpfc.com/", 
            "name": "Diamond Pension Fund Custodian Limited", 
            "contact": "", 
            "account_number": "", 
            "address": "No. 1A, Tiamiyu Savage Street, Victoria Island, Lagos", 
            "sort_code": "", 
            "email": "info@diamondpfc.com", 
            "bank": [
                "Diamond Bank"
            ]
        }
    }, 
    {
        "pk": 3, 
        "model": "employees.pensioncustodian", 
        "fields": {
            "website": "http://www.firstpensioncustodian.com/", 
            "name": "First Pension Custodian Nigeria Limited", 
            "contact": "", 
            "account_number": "", 
            "address": "No. 124 Awolowo Road, Ikoyi, Lagos.", 
            "sort_code": "", 
            "email": "info@firstcustodiannigeria.com", 
            "bank": [
                "First Bank of Nigeria"
            ]
        }
    }, 
    {
        "pk": 4, 
        "model": "employees.pensioncustodian", 
        "fields": {
            "website": "http://www.ubapensions.com/", 
            "name": "UBA Pensions Custodian Limited", 
            "contact": "", 
            "account_number": "", 
            "address": "Plot 22b, Idowu Taylor Street, Victoria Island, Lagos.\r\n", 
            "sort_code": "", 
            "email": "info@ubapensions.com", 
            "bank": [
                "United Bank for Africa"
            ]
        }
    }, 
    {
        "pk": 1, 
        "model": "employees.pensioncustodian", 
        "fields": {
            "website": "", 
            "name": "Zenith Pensions Custodian Limited", 
            "contact": "", 
            "account_number": "", 
            "address": "", 
            "sort_code": "", 
            "email": "", 
            "bank": [
                "Zenith Bank"
            ]
        }
    }, 
    {
        "pk": 1, 
        "model": "employees.pensionadministrator", 
        "fields": {
            "website": "", 
            "name": "AIICO Pension Managers Limited", 
            "custodian": null, 
            "email": "", 
            "contact": "", 
            "account_number": "", 
            "address": "", 
            "sort_code": "", 
            "account_name": ""
        }
    }, 
    {
        "pk": 2, 
        "model": "employees.pensionadministrator", 
        "fields": {
            "website": "", 
            "name": "ARM Pension Managers", 
            "custodian": null, 
            "email": "", 
            "contact": "", 
            "account_number": "", 
            "address": "", 
            "sort_code": "", 
            "account_name": ""
        }
    }, 
    {
        "pk": 3, 
        "model": "employees.pensionadministrator", 
        "fields": {
            "website": "", 
            "name": "Crusader Pensions Limited", 
            "custodian": null, 
            "email": "", 
            "contact": "", 
            "account_number": "", 
            "address": "", 
            "sort_code": "", 
            "account_name": ""
        }
    }, 
    {
        "pk": 4, 
        "model": "employees.pensionadministrator", 
        "fields": {
            "website": "", 
            "name": "First Alliance Pensions and Benefits Limited", 
            "custodian": null, 
            "email": "", 
            "contact": "", 
            "account_number": "", 
            "address": "", 
            "sort_code": "", 
            "account_name": ""
        }
    }, 
    {
        "pk": 5, 
        "model": "employees.pensionadministrator", 
        "fields": {
            "website": "", 
            "name": "First Guarantee Pension Limited", 
            "custodian": null, 
            "email": "", 
            "contact": "", 
            "account_number": "", 
            "address": "", 
            "sort_code": "", 
            "account_name": ""
        }
    }, 
    {
        "pk": 6, 
        "model": "employees.pensionadministrator", 
        "fields": {
            "website": "", 
            "name": "IBTC Pension Managers", 
            "custodian": null, 
            "email": "", 
            "contact": "", 
            "account_number": "", 
            "address": "", 
            "sort_code": "", 
            "account_name": ""
        }
    }, 
    {
        "pk": 7, 
        "model": "employees.pensionadministrator", 
        "fields": {
            "website": "", 
            "name": "Leadway Pensure PFA Limited", 
            "custodian": null, 
            "email": "", 
            "contact": "", 
            "account_number": "", 
            "address": "", 
            "sort_code": "", 
            "account_name": ""
        }
    }, 
    {
        "pk": 8, 
        "model": "employees.pensionadministrator", 
        "fields": {
            "website": "", 
            "name": "Legacy Pension Managers Limited", 
            "custodian": null, 
            "email": "", 
            "contact": "", 
            "account_number": "", 
            "address": "", 
            "sort_code": "", 
            "account_name": ""
        }
    }, 
    {
        "pk": 9, 
        "model": "employees.pensionadministrator", 
        "fields": {
            "website": "", 
            "name": "NLPC Pension Fund Administrators Limited", 
            "custodian": null, 
            "email": "", 
            "contact": "", 
            "account_number": "", 
            "address": "", 
            "sort_code": "", 
            "account_name": ""
        }
    }, 
    {
        "pk": 10, 
        "model": "employees.pensionadministrator", 
        "fields": {
            "website": "", 
            "name": "Oak Pensions Limited", 
            "custodian": null, 
            "email": "", 
            "contact": "", 
            "account_number": "", 
            "address": "", 
            "sort_code": "", 
            "account_name": ""
        }
    }, 
    {
        "pk": 11, 
        "model": "employees.pensionadministrator", 
        "fields": {
            "website": "", 
            "name": "Pension Alliance Limited", 
            "custodian": null, 
            "email": "", 
            "contact": "", 
            "account_number": "", 
            "address": "", 
            "sort_code": "", 
            "account_name": ""
        }
    }, 
    {
        "pk": 12, 
        "model": "employees.pensionadministrator", 
        "fields": {
            "website": "", 
            "name": "Premium Pension Limited", 
            "custodian": null, 
            "email": "", 
            "contact": "", 
            "account_number": "", 
            "address": "", 
            "sort_code": "", 
            "account_name": ""
        }
    }, 
    {
        "pk": 13, 
        "model": "employees.pensionadministrator", 
        "fields": {
            "website": "", 
            "name": "Sigma Vaugn Sterling Pensions Limited", 
            "custodian": null, 
            "email": "", 
            "contact": "", 
            "account_number": "", 
            "address": "", 
            "sort_code": "", 
            "account_name": ""
        }
    }, 
    {
        "pk": 16, 
        "model": "employees.pensionadministrator", 
        "fields": {
            "website": "", 
            "name": "Stanbic IBTC Pension Managers Limited", 
            "custodian": 1, 
            "email": "", 
            "contact": "", 
            "account_number": "", 
            "address": "", 
            "sort_code": "", 
            "account_name": ""
        }
    }, 
    {
        "pk": 15, 
        "model": "employees.pensionadministrator", 
        "fields": {
            "website": "", 
            "name": "Trust Funds Pensions Plc", 
            "custodian": null, 
            "email": "", 
            "contact": "", 
            "account_number": "", 
            "address": "", 
            "sort_code": "", 
            "account_name": ""
        }
    }, 
    {
        "pk": 14, 
        "model": "employees.pensionadministrator", 
        "fields": {
            "website": "", 
            "name": "UBA Pensions Limited", 
            "custodian": null, 
            "email": "", 
            "contact": "", 
            "account_number": "", 
            "address": "", 
            "sort_code": "", 
            "account_name": ""
        }
    }, 
    {
        "pk": 65, 
        "model": "employees.employee", 
        "fields": {
            "skip_nhf": false, 
            "last_name": "Oyewumi", 
            "blood_group": "AB", 
            "staff_id_number": "YCLS/046", 
            "sex": "F", 
            "pfa_pin": "0000000019", 
            "termination_date": null, 
            "skip_pension": false, 
            "state_of_origin": 30, 
            "permanent_address": "14 Adenuga.", 
            "unit": 5, 
            "grade_level": 1, 
            "first_name": "Abosede", 
            "middle_name": "", 
            "genotype": "AA", 
            "title": 2, 
            "hire_date": "2012-01-01", 
            "pay_template": 7, 
            "maiden_name": "N/A", 
            "passport_number": "A78787676", 
            "religion": 1, 
            "location": 2, 
            "basic": "180000.00", 
            "email": "halabi@ecomtrading.com", 
            "status": 4, 
            "photo": "", 
            "confirmation_date": null, 
            "lga": 621, 
            "state_of_residence": 29, 
            "phone": "", 
            "date_created": "2012-09-12T15:03:50.459", 
            "user": [
                "aoyewumi"
            ], 
            "address": "14 Adenuga.", 
            "employee_type": 1, 
            "bank_account_number": "0021234737", 
            "bank": [
                "Diamond Bank"
            ], 
            "tax_id": "", 
            "mothers_maiden_name": "N/A", 
            "date_modified": "2012-11-16T08:47:43.640", 
            "country": 156, 
            "marital_status": 2, 
            "national_id_number": "A246577878", 
            "skip_nhis": false, 
            "pension_administrator": 16, 
            "birth_date": "1978-08-08", 
            "position": 27
        }
    }, 
    {
        "pk": 22, 
        "model": "employees.employee", 
        "fields": {
            "skip_nhf": false, 
            "last_name": "Fadare", 
            "blood_group": "", 
            "staff_id_number": "YCLS/012", 
            "sex": "F", 
            "pfa_pin": "PEN200522571716", 
            "termination_date": null, 
            "skip_pension": false, 
            "state_of_origin": 13, 
            "permanent_address": "", 
            "unit": 6, 
            "grade_level": 1, 
            "first_name": "Afolakemi", 
            "middle_name": "", 
            "genotype": "", 
            "title": null, 
            "hire_date": "2008-10-27", 
            "pay_template": 7, 
            "maiden_name": "", 
            "passport_number": "", 
            "religion": null, 
            "location": 4, 
            "basic": "580200.00", 
            "email": "ffadere@ecomtrading.com", 
            "status": 4, 
            "photo": "", 
            "confirmation_date": null, 
            "lga": null, 
            "state_of_residence": 25, 
            "phone": "", 
            "date_created": "2012-09-05T08:35:50.151", 
            "user": [
                "afadare"
            ], 
            "address": "", 
            "employee_type": 1, 
            "bank_account_number": "2005630741", 
            "bank": [
                "Zenith Bank"
            ], 
            "tax_id": "", 
            "mothers_maiden_name": "", 
            "date_modified": "2012-10-22T19:20:29.796", 
            "country": 156, 
            "marital_status": null, 
            "national_id_number": "", 
            "skip_nhis": false, 
            "pension_administrator": 16, 
            "birth_date": "1986-01-12", 
            "position": 12
        }
    }, 
    {
        "pk": 24, 
        "model": "employees.employee", 
        "fields": {
            "skip_nhf": false, 
            "last_name": "Iniobong", 
            "blood_group": "", 
            "staff_id_number": "YCLS/014", 
            "sex": "M", 
            "pfa_pin": "PEN100477514520", 
            "termination_date": null, 
            "skip_pension": false, 
            "state_of_origin": 3, 
            "permanent_address": "", 
            "unit": 7, 
            "grade_level": 1, 
            "first_name": "Akpan", 
            "middle_name": "Okori", 
            "genotype": "", 
            "title": 1, 
            "hire_date": "2009-02-02", 
            "pay_template": 7, 
            "maiden_name": "", 
            "passport_number": "", 
            "religion": null, 
            "location": 4, 
            "basic": "863460.00", 
            "email": "akpanokori@yahoo.com", 
            "status": 4, 
            "photo": "", 
            "confirmation_date": null, 
            "lga": null, 
            "state_of_residence": 25, 
            "phone": "+2348120250525", 
            "date_created": "2012-09-05T08:56:05.088", 
            "user": [
                "ainiobong"
            ], 
            "address": "", 
            "employee_type": 1, 
            "bank_account_number": "2005630947", 
            "bank": [
                "Zenith Bank"
            ], 
            "tax_id": "", 
            "mothers_maiden_name": "", 
            "date_modified": "2012-10-22T19:20:29.812", 
            "country": null, 
            "marital_status": null, 
            "national_id_number": "", 
            "skip_nhis": false, 
            "pension_administrator": 16, 
            "birth_date": "1968-09-16", 
            "position": 8
        }
    }, 
    {
        "pk": 19, 
        "model": "employees.employee", 
        "fields": {
            "skip_nhf": false, 
            "last_name": "Maurice", 
            "blood_group": "", 
            "staff_id_number": "YCLS/016", 
            "sex": "M", 
            "pfa_pin": "0000000001", 
            "termination_date": null, 
            "skip_pension": false, 
            "state_of_origin": 9, 
            "permanent_address": "", 
            "unit": 7, 
            "grade_level": 1, 
            "first_name": "Alex", 
            "middle_name": "", 
            "genotype": "", 
            "title": null, 
            "hire_date": "2010-01-01", 
            "pay_template": 7, 
            "maiden_name": "", 
            "passport_number": "", 
            "religion": null, 
            "location": 2, 
            "basic": "540000.00", 
            "email": "halabi@ecomtrading.com", 
            "status": 4, 
            "photo": "", 
            "confirmation_date": null, 
            "lga": null, 
            "state_of_residence": 25, 
            "phone": "", 
            "date_created": "2012-09-05T08:19:21.327", 
            "user": [
                "amaurice"
            ], 
            "address": "", 
            "employee_type": 1, 
            "bank_account_number": "2008614210", 
            "bank": [
                "Zenith Bank"
            ], 
            "tax_id": "", 
            "mothers_maiden_name": "", 
            "date_modified": "2012-10-22T19:20:29.812", 
            "country": null, 
            "marital_status": null, 
            "national_id_number": "", 
            "skip_nhis": false, 
            "pension_administrator": 16, 
            "birth_date": "1983-08-14", 
            "position": 8
        }
    }, 
    {
        "pk": 29, 
        "model": "employees.employee", 
        "fields": {
            "skip_nhf": false, 
            "last_name": "Emegha", 
            "blood_group": "", 
            "staff_id_number": "YCLS/027", 
            "sex": "M", 
            "pfa_pin": "PEN100581194617", 
            "termination_date": null, 
            "skip_pension": false, 
            "state_of_origin": 11, 
            "permanent_address": "", 
            "unit": 6, 
            "grade_level": 1, 
            "first_name": "Ama", 
            "middle_name": "", 
            "genotype": "", 
            "title": 1, 
            "hire_date": "2011-02-01", 
            "pay_template": 7, 
            "maiden_name": "", 
            "passport_number": "", 
            "religion": null, 
            "location": 4, 
            "basic": "429519.96", 
            "email": "emyjoseph@rocketmail.com", 
            "status": 4, 
            "photo": "", 
            "confirmation_date": null, 
            "lga": null, 
            "state_of_residence": 25, 
            "phone": "+2348069810463", 
            "date_created": "2012-09-05T09:48:04.479", 
            "user": [
                "aemegha"
            ], 
            "address": "", 
            "employee_type": 1, 
            "bank_account_number": "2080697114", 
            "bank": [
                "Zenith Bank"
            ], 
            "tax_id": "", 
            "mothers_maiden_name": "", 
            "date_modified": "2012-10-22T19:20:29.812", 
            "country": null, 
            "marital_status": null, 
            "national_id_number": "", 
            "skip_nhis": false, 
            "pension_administrator": 16, 
            "birth_date": "1965-04-28", 
            "position": 14
        }
    }, 
    {
        "pk": 25, 
        "model": "employees.employee", 
        "fields": {
            "skip_nhf": false, 
            "last_name": "Jonise", 
            "blood_group": "", 
            "staff_id_number": "YCLS/015", 
            "sex": "M", 
            "pfa_pin": "00000000004", 
            "termination_date": null, 
            "skip_pension": false, 
            "state_of_origin": 13, 
            "permanent_address": "", 
            "unit": 8, 
            "grade_level": 1, 
            "first_name": "Anthony", 
            "middle_name": "", 
            "genotype": "", 
            "title": null, 
            "hire_date": "2010-01-05", 
            "pay_template": 7, 
            "maiden_name": "", 
            "passport_number": "", 
            "religion": null, 
            "location": 2, 
            "basic": "3600000.00", 
            "email": "ajonise@ecomtrading.com", 
            "status": 4, 
            "photo": "", 
            "confirmation_date": null, 
            "lga": null, 
            "state_of_residence": 29, 
            "phone": "", 
            "date_created": "2012-09-05T09:00:17.484", 
            "user": [
                "ajonise"
            ], 
            "address": "", 
            "employee_type": 1, 
            "bank_account_number": "2006679907", 
            "bank": [
                "Zenith Bank"
            ], 
            "tax_id": "", 
            "mothers_maiden_name": "", 
            "date_modified": "2012-10-22T19:20:29.812", 
            "country": null, 
            "marital_status": null, 
            "national_id_number": "", 
            "skip_nhis": false, 
            "pension_administrator": 16, 
            "birth_date": "1961-01-20", 
            "position": 9
        }
    }, 
    {
        "pk": 70, 
        "model": "employees.employee", 
        "fields": {
            "skip_nhf": false, 
            "last_name": "Ifere", 
            "blood_group": "", 
            "staff_id_number": "YCLS/042", 
            "sex": "F", 
            "pfa_pin": "0000000024", 
            "termination_date": null, 
            "skip_pension": false, 
            "state_of_origin": 9, 
            "permanent_address": "", 
            "unit": 5, 
            "grade_level": 1, 
            "first_name": "Blessing", 
            "middle_name": "Igra", 
            "genotype": "", 
            "title": 3, 
            "hire_date": "2012-01-01", 
            "pay_template": 7, 
            "maiden_name": "", 
            "passport_number": "", 
            "religion": null, 
            "location": 3, 
            "basic": "180000.00", 
            "email": "ifereblessing@yahoo.com", 
            "status": 4, 
            "photo": "", 
            "confirmation_date": null, 
            "lga": 201, 
            "state_of_residence": 9, 
            "phone": "08134657640", 
            "date_created": "2012-09-12T15:47:13.067", 
            "user": [
                "bifere"
            ], 
            "address": "", 
            "employee_type": 1, 
            "bank_account_number": "0114902440", 
            "bank": [
                "GTBank"
            ], 
            "tax_id": "", 
            "mothers_maiden_name": "", 
            "date_modified": "2012-10-22T19:20:29.875", 
            "country": 156, 
            "marital_status": null, 
            "national_id_number": "", 
            "skip_nhis": false, 
            "pension_administrator": 16, 
            "birth_date": "1991-01-31", 
            "position": 27
        }
    }, 
    {
        "pk": 74, 
        "model": "employees.employee", 
        "fields": {
            "skip_nhf": false, 
            "last_name": "Abraham", 
            "blood_group": "", 
            "staff_id_number": "YCLS/044", 
            "sex": "F", 
            "pfa_pin": "0000000061", 
            "termination_date": null, 
            "skip_pension": false, 
            "state_of_origin": 15, 
            "permanent_address": "", 
            "unit": 5, 
            "grade_level": 1, 
            "first_name": "Charity", 
            "middle_name": "", 
            "genotype": "", 
            "title": 3, 
            "hire_date": "2012-01-01", 
            "pay_template": 7, 
            "maiden_name": "", 
            "passport_number": "", 
            "religion": null, 
            "location": 3, 
            "basic": "180000.00", 
            "email": "codibo@ecomtrading.com", 
            "status": 4, 
            "photo": "", 
            "confirmation_date": null, 
            "lga": null, 
            "state_of_residence": 25, 
            "phone": "07038174236", 
            "date_created": "2012-09-18T14:40:05.920", 
            "user": [
                "cabraham"
            ], 
            "address": "", 
            "employee_type": 1, 
            "bank_account_number": "1571012004", 
            "bank": [
                "EcoBank"
            ], 
            "tax_id": "", 
            "mothers_maiden_name": "", 
            "date_modified": "2012-10-22T19:20:29.890", 
            "country": null, 
            "marital_status": null, 
            "national_id_number": "", 
            "skip_nhis": false, 
            "pension_administrator": 16, 
            "birth_date": "1987-06-04", 
            "position": 27
        }
    }, 
    {
        "pk": 20, 
        "model": "employees.employee", 
        "fields": {
            "skip_nhf": false, 
            "last_name": "Odibo", 
            "blood_group": "", 
            "staff_id_number": "YCLS/008", 
            "sex": "M", 
            "pfa_pin": "00000000002", 
            "termination_date": null, 
            "skip_pension": false, 
            "state_of_origin": 12, 
            "permanent_address": "", 
            "unit": 5, 
            "grade_level": 1, 
            "first_name": "Chester", 
            "middle_name": "", 
            "genotype": "", 
            "title": null, 
            "hire_date": "2007-04-01", 
            "pay_template": 7, 
            "maiden_name": "", 
            "passport_number": "", 
            "religion": null, 
            "location": 3, 
            "basic": "1140000.00", 
            "email": "codibo@ecomtrading.com", 
            "status": 4, 
            "photo": "", 
            "confirmation_date": null, 
            "lga": null, 
            "state_of_residence": 9, 
            "phone": "", 
            "date_created": "2012-09-05T08:27:00.239", 
            "user": [
                "codibo"
            ], 
            "address": "", 
            "employee_type": 1, 
            "bank_account_number": "2002641218", 
            "bank": [
                "Zenith Bank"
            ], 
            "tax_id": "", 
            "mothers_maiden_name": "", 
            "date_modified": "2012-10-22T19:20:29.890", 
            "country": null, 
            "marital_status": null, 
            "national_id_number": "", 
            "skip_nhis": false, 
            "pension_administrator": 16, 
            "birth_date": "1974-07-09", 
            "position": 20
        }
    }, 
    {
        "pk": 73, 
        "model": "employees.employee", 
        "fields": {
            "skip_nhf": false, 
            "last_name": "Akinlolu", 
            "blood_group": "", 
            "staff_id_number": "YCLS/043", 
            "sex": "M", 
            "pfa_pin": "0000000041", 
            "termination_date": null, 
            "skip_pension": false, 
            "state_of_origin": 29, 
            "permanent_address": "", 
            "unit": 7, 
            "grade_level": 1, 
            "first_name": "Dotun", 
            "middle_name": "", 
            "genotype": "", 
            "title": 1, 
            "hire_date": "2012-01-01", 
            "pay_template": 7, 
            "maiden_name": "", 
            "passport_number": "", 
            "religion": null, 
            "location": 2, 
            "basic": "240000.00", 
            "email": "halabi@ecomtrading.com", 
            "status": 4, 
            "photo": "", 
            "confirmation_date": null, 
            "lga": 38, 
            "state_of_residence": 29, 
            "phone": "", 
            "date_created": "2012-09-18T14:36:08.838", 
            "user": [
                "dakinlolu"
            ], 
            "address": "", 
            "employee_type": 1, 
            "bank_account_number": "0022735004", 
            "bank": [
                "Diamond Bank"
            ], 
            "tax_id": "", 
            "mothers_maiden_name": "", 
            "date_modified": "2012-10-22T19:20:29.890", 
            "country": 156, 
            "marital_status": null, 
            "national_id_number": "", 
            "skip_nhis": false, 
            "pension_administrator": 16, 
            "birth_date": "1960-05-23", 
            "position": 18
        }
    }, 
    {
        "pk": 35, 
        "model": "employees.employee", 
        "fields": {
            "skip_nhf": false, 
            "last_name": "Udeme", 
            "blood_group": "", 
            "staff_id_number": "YCLS/037", 
            "sex": "M", 
            "pfa_pin": "PEN100099842419", 
            "termination_date": null, 
            "skip_pension": false, 
            "state_of_origin": 15, 
            "permanent_address": "", 
            "unit": 7, 
            "grade_level": 1, 
            "first_name": "Eddy", 
            "middle_name": "", 
            "genotype": "", 
            "title": 1, 
            "hire_date": "2012-01-01", 
            "pay_template": 7, 
            "maiden_name": "", 
            "passport_number": "", 
            "religion": null, 
            "location": 4, 
            "basic": "300000.00", 
            "email": "aolatubosun@ecomtrading.com", 
            "status": 4, 
            "photo": "", 
            "confirmation_date": null, 
            "lga": null, 
            "state_of_residence": 25, 
            "phone": "08083881515", 
            "date_created": "2012-09-05T10:18:03.732", 
            "user": [
                "eudeme"
            ], 
            "address": "", 
            "employee_type": 5, 
            "bank_account_number": "2080697042", 
            "bank": [
                "Zenith Bank"
            ], 
            "tax_id": "", 
            "mothers_maiden_name": "", 
            "date_modified": "2012-10-22T19:20:29.906", 
            "country": null, 
            "marital_status": null, 
            "national_id_number": "", 
            "skip_nhis": false, 
            "pension_administrator": 16, 
            "birth_date": "1976-11-14", 
            "position": 18
        }
    }, 
    {
        "pk": 82, 
        "model": "employees.employee", 
        "fields": {
            "skip_nhf": false, 
            "last_name": "Abikoye", 
            "blood_group": "", 
            "staff_id_number": "YCLS/034", 
            "sex": "M", 
            "pfa_pin": "0056878888", 
            "termination_date": null, 
            "skip_pension": false, 
            "state_of_origin": 24, 
            "permanent_address": "", 
            "unit": 5, 
            "grade_level": 1, 
            "first_name": "Emmanuel", 
            "middle_name": "", 
            "genotype": "", 
            "title": null, 
            "hire_date": "2012-08-01", 
            "pay_template": 7, 
            "maiden_name": "", 
            "passport_number": "", 
            "religion": null, 
            "location": 4, 
            "basic": "480000.00", 
            "email": "emmy.don64@yahoo.com", 
            "status": 4, 
            "photo": "", 
            "confirmation_date": null, 
            "lga": null, 
            "state_of_residence": 25, 
            "phone": "", 
            "date_created": "2012-09-25T08:59:10.438", 
            "user": [
                "eabikoye"
            ], 
            "address": "", 
            "employee_type": 1, 
            "bank_account_number": "0108032469", 
            "bank": [
                "GTBank"
            ], 
            "tax_id": "", 
            "mothers_maiden_name": "", 
            "date_modified": "2012-10-22T19:20:29.906", 
            "country": null, 
            "marital_status": null, 
            "national_id_number": "", 
            "skip_nhis": false, 
            "pension_administrator": 16, 
            "birth_date": "1981-12-24", 
            "position": 28
        }
    }, 
    {
        "pk": 71, 
        "model": "employees.employee", 
        "fields": {
            "skip_nhf": false, 
            "last_name": "Kadiri", 
            "blood_group": "", 
            "staff_id_number": "YCLS/038", 
            "sex": "F", 
            "pfa_pin": "0000000030", 
            "termination_date": null, 
            "skip_pension": false, 
            "state_of_origin": 25, 
            "permanent_address": "", 
            "unit": 11, 
            "grade_level": 1, 
            "first_name": "Esther", 
            "middle_name": "Pamilerin", 
            "genotype": "", 
            "title": 2, 
            "hire_date": "2012-01-01", 
            "pay_template": 7, 
            "maiden_name": "", 
            "passport_number": "", 
            "religion": 1, 
            "location": 4, 
            "basic": "240000.00", 
            "email": "aolatubosun@ecomtrading.com", 
            "status": 4, 
            "photo": "", 
            "confirmation_date": null, 
            "lga": 687, 
            "state_of_residence": 25, 
            "phone": "08036007658", 
            "date_created": "2012-09-18T14:08:48.153", 
            "user": [
                "ekadiri"
            ], 
            "address": "", 
            "employee_type": 5, 
            "bank_account_number": "2056039627", 
            "bank": [
                "United Bank for Africa"
            ], 
            "tax_id": "", 
            "mothers_maiden_name": "", 
            "date_modified": "2012-10-22T19:20:29.906", 
            "country": 156, 
            "marital_status": 2, 
            "national_id_number": "", 
            "skip_nhis": false, 
            "pension_administrator": 16, 
            "birth_date": "1979-06-10", 
            "position": 21
        }
    }, 
    {
        "pk": 17, 
        "model": "employees.employee", 
        "fields": {
            "skip_nhf": false, 
            "last_name": "Ighedo", 
            "blood_group": "", 
            "staff_id_number": "YCLS/005", 
            "sex": "M", 
            "pfa_pin": "PEN100144970045", 
            "termination_date": null, 
            "skip_pension": false, 
            "state_of_origin": 10, 
            "permanent_address": "", 
            "unit": 5, 
            "grade_level": 1, 
            "first_name": "Friday", 
            "middle_name": "", 
            "genotype": "", 
            "title": null, 
            "hire_date": "2006-01-01", 
            "pay_template": 7, 
            "maiden_name": "", 
            "passport_number": "", 
            "religion": null, 
            "location": 4, 
            "basic": "720000.00", 
            "email": "fighedo@ecomtrading.com", 
            "status": 4, 
            "photo": "", 
            "confirmation_date": null, 
            "lga": null, 
            "state_of_residence": 25, 
            "phone": "", 
            "date_created": "2012-09-04T21:15:33.022", 
            "user": [
                "fighedo"
            ], 
            "address": "", 
            "employee_type": 1, 
            "bank_account_number": "2001500471", 
            "bank": [
                "Zenith Bank"
            ], 
            "tax_id": "", 
            "mothers_maiden_name": "", 
            "date_modified": "2012-10-22T19:20:29.921", 
            "country": null, 
            "marital_status": null, 
            "national_id_number": "", 
            "skip_nhis": false, 
            "pension_administrator": 16, 
            "birth_date": "1979-06-29", 
            "position": 6
        }
    }, 
    {
        "pk": 33, 
        "model": "employees.employee", 
        "fields": {
            "skip_nhf": false, 
            "last_name": "Okwori", 
            "blood_group": "", 
            "staff_id_number": "YCLS/032", 
            "sex": "M", 
            "pfa_pin": "0000000008", 
            "termination_date": null, 
            "skip_pension": false, 
            "state_of_origin": 7, 
            "permanent_address": "", 
            "unit": 11, 
            "grade_level": 1, 
            "first_name": "Friday", 
            "middle_name": "", 
            "genotype": "", 
            "title": null, 
            "hire_date": "2012-05-07", 
            "pay_template": 7, 
            "maiden_name": "", 
            "passport_number": "", 
            "religion": null, 
            "location": 4, 
            "basic": "600000.00", 
            "email": "aolatubosun@ecomtrading.com", 
            "status": 4, 
            "photo": "", 
            "confirmation_date": null, 
            "lga": null, 
            "state_of_residence": 25, 
            "phone": "", 
            "date_created": "2012-09-05T10:10:15.263", 
            "user": [
                "fokwori"
            ], 
            "address": "", 
            "employee_type": 1, 
            "bank_account_number": "0005142654", 
            "bank": [
                "GTBank"
            ], 
            "tax_id": "", 
            "mothers_maiden_name": "", 
            "date_modified": "2012-10-22T19:20:29.921", 
            "country": null, 
            "marital_status": null, 
            "national_id_number": "", 
            "skip_nhis": false, 
            "pension_administrator": 16, 
            "birth_date": "1978-01-15", 
            "position": 15
        }
    }, 
    {
        "pk": 23, 
        "model": "employees.employee", 
        "fields": {
            "skip_nhf": false, 
            "last_name": "Otaniyi", 
            "blood_group": "", 
            "staff_id_number": "YCLS/013", 
            "sex": "M", 
            "pfa_pin": "PEN100012950402", 
            "termination_date": null, 
            "skip_pension": false, 
            "state_of_origin": 28, 
            "permanent_address": "", 
            "unit": 7, 
            "grade_level": 1, 
            "first_name": "Ganiyu", 
            "middle_name": "", 
            "genotype": "", 
            "title": null, 
            "hire_date": "2009-02-02", 
            "pay_template": 7, 
            "maiden_name": "", 
            "passport_number": "", 
            "religion": null, 
            "location": 4, 
            "basic": "863460.00", 
            "email": "aolatubosun@ecomtrading.com", 
            "status": 4, 
            "photo": "", 
            "confirmation_date": null, 
            "lga": null, 
            "state_of_residence": 25, 
            "phone": "", 
            "date_created": "2012-09-05T08:51:43.433", 
            "user": [
                "gotaniyi"
            ], 
            "address": "", 
            "employee_type": 1, 
            "bank_account_number": "2005630806", 
            "bank": [
                "Zenith Bank"
            ], 
            "tax_id": "", 
            "mothers_maiden_name": "", 
            "date_modified": "2012-10-22T19:20:29.921", 
            "country": null, 
            "marital_status": null, 
            "national_id_number": "", 
            "skip_nhis": false, 
            "pension_administrator": 16, 
            "birth_date": "1967-07-06", 
            "position": 8
        }
    }, 
    {
        "pk": 69, 
        "model": "employees.employee", 
        "fields": {
            "skip_nhf": false, 
            "last_name": "P Kalu", 
            "blood_group": "", 
            "staff_id_number": "YCLS/041", 
            "sex": "F", 
            "pfa_pin": "0000000023", 
            "termination_date": null, 
            "skip_pension": false, 
            "state_of_origin": 15, 
            "permanent_address": "", 
            "unit": 5, 
            "grade_level": 1, 
            "first_name": "Georginia", 
            "middle_name": "", 
            "genotype": "", 
            "title": null, 
            "hire_date": "2012-01-01", 
            "pay_template": 7, 
            "maiden_name": "", 
            "passport_number": "", 
            "religion": null, 
            "location": 3, 
            "basic": "180000.00", 
            "email": "codibo@ecomtrading.com", 
            "status": 4, 
            "photo": "", 
            "confirmation_date": null, 
            "lga": null, 
            "state_of_residence": 25, 
            "phone": "", 
            "date_created": "2012-09-12T15:43:15.417", 
            "user": [
                "gmatthew"
            ], 
            "address": "", 
            "employee_type": 1, 
            "bank_account_number": "2026784232", 
            "bank": [
                "United Bank for Africa"
            ], 
            "tax_id": "", 
            "mothers_maiden_name": "", 
            "date_modified": "2012-10-22T19:20:29.937", 
            "country": null, 
            "marital_status": null, 
            "national_id_number": "", 
            "skip_nhis": false, 
            "pension_administrator": 16, 
            "birth_date": "1960-10-01", 
            "position": 27
        }
    }, 
    {
        "pk": 18, 
        "model": "employees.employee", 
        "fields": {
            "skip_nhf": false, 
            "last_name": "Alabi", 
            "blood_group": "", 
            "staff_id_number": "YCLS/006", 
            "sex": "M", 
            "pfa_pin": "PEN100144970429", 
            "termination_date": null, 
            "skip_pension": false, 
            "state_of_origin": 29, 
            "permanent_address": "", 
            "unit": 5, 
            "grade_level": 1, 
            "first_name": "Henry ", 
            "middle_name": "", 
            "genotype": "", 
            "title": null, 
            "hire_date": "2006-06-01", 
            "pay_template": 7, 
            "maiden_name": "", 
            "passport_number": "", 
            "religion": null, 
            "location": 2, 
            "basic": "1560000.00", 
            "email": "halabi@ecomtrading.com", 
            "status": 4, 
            "photo": "", 
            "confirmation_date": null, 
            "lga": null, 
            "state_of_residence": 29, 
            "phone": "", 
            "date_created": "2012-09-04T21:23:56.172", 
            "user": [
                "halabi"
            ], 
            "address": "", 
            "employee_type": 1, 
            "bank_account_number": "2001500543", 
            "bank": [
                "Zenith Bank"
            ], 
            "tax_id": "", 
            "mothers_maiden_name": "", 
            "date_modified": "2012-10-22T19:20:29.937", 
            "country": null, 
            "marital_status": 2, 
            "national_id_number": "", 
            "skip_nhis": false, 
            "pension_administrator": 16, 
            "birth_date": "1969-06-07", 
            "position": 7
        }
    }, 
    {
        "pk": 66, 
        "model": "employees.employee", 
        "fields": {
            "skip_nhf": false, 
            "last_name": "Aoye Lucky", 
            "blood_group": "", 
            "staff_id_number": "YCLS/040", 
            "sex": "M", 
            "pfa_pin": "0000000020", 
            "termination_date": null, 
            "skip_pension": false, 
            "state_of_origin": 15, 
            "permanent_address": "", 
            "unit": 7, 
            "grade_level": 1, 
            "first_name": "Ileso", 
            "middle_name": "", 
            "genotype": "", 
            "title": null, 
            "hire_date": "2012-01-01", 
            "pay_template": 7, 
            "maiden_name": "", 
            "passport_number": "", 
            "religion": null, 
            "location": 3, 
            "basic": "240000.00", 
            "email": "codibo@ecomtrading.com", 
            "status": 4, 
            "photo": "", 
            "confirmation_date": null, 
            "lga": null, 
            "state_of_residence": 15, 
            "phone": "", 
            "date_created": "2012-09-12T15:12:29.813", 
            "user": [
                "ilucky"
            ], 
            "address": "", 
            "employee_type": 1, 
            "bank_account_number": "0871053609", 
            "bank": [
                "EcoBank"
            ], 
            "tax_id": "", 
            "mothers_maiden_name": "", 
            "date_modified": "2012-10-22T19:20:29.937", 
            "country": null, 
            "marital_status": null, 
            "national_id_number": "", 
            "skip_nhis": false, 
            "pension_administrator": 16, 
            "birth_date": "1960-10-01", 
            "position": 18
        }
    }, 
    {
        "pk": 67, 
        "model": "employees.employee", 
        "fields": {
            "skip_nhf": false, 
            "last_name": "Lucky", 
            "blood_group": "", 
            "staff_id_number": "YCLS/039", 
            "sex": "M", 
            "pfa_pin": "0000000021", 
            "termination_date": null, 
            "skip_pension": false, 
            "state_of_origin": 15, 
            "permanent_address": "", 
            "unit": 7, 
            "grade_level": 1, 
            "first_name": "Ilevbabor", 
            "middle_name": "Akhigbe", 
            "genotype": "", 
            "title": null, 
            "hire_date": "2012-01-01", 
            "pay_template": 7, 
            "maiden_name": "", 
            "passport_number": "", 
            "religion": null, 
            "location": 3, 
            "basic": "240000.00", 
            "email": "oyakhire@ecomtrading.com", 
            "status": 4, 
            "photo": "", 
            "confirmation_date": null, 
            "lga": null, 
            "state_of_residence": 25, 
            "phone": "", 
            "date_created": "2012-09-12T15:20:06.572", 
            "user": [
                "loyakhire"
            ], 
            "address": "", 
            "employee_type": 1, 
            "bank_account_number": "1094524152", 
            "bank": [
                "First City Monument Bank"
            ], 
            "tax_id": "", 
            "mothers_maiden_name": "", 
            "date_modified": "2012-10-22T19:20:29.953", 
            "country": null, 
            "marital_status": null, 
            "national_id_number": "", 
            "skip_nhis": false, 
            "pension_administrator": 16, 
            "birth_date": "1984-06-15", 
            "position": 18
        }
    }, 
    {
        "pk": 62, 
        "model": "employees.employee", 
        "fields": {
            "skip_nhf": false, 
            "last_name": "Uffort", 
            "blood_group": "", 
            "staff_id_number": "YCLS/045", 
            "sex": "M", 
            "pfa_pin": "0000000016", 
            "termination_date": null, 
            "skip_pension": false, 
            "state_of_origin": 3, 
            "permanent_address": "", 
            "unit": 6, 
            "grade_level": 1, 
            "first_name": "Iniobong", 
            "middle_name": "Tom", 
            "genotype": "", 
            "title": 1, 
            "hire_date": "2012-01-01", 
            "pay_template": 7, 
            "maiden_name": "", 
            "passport_number": "", 
            "religion": null, 
            "location": 2, 
            "basic": "360000.00", 
            "email": "halabi@ecomtrading.com", 
            "status": 4, 
            "photo": "", 
            "confirmation_date": null, 
            "lga": 161, 
            "state_of_residence": 29, 
            "phone": "", 
            "date_created": "2012-09-12T14:50:58.949", 
            "user": [
                "iufot"
            ], 
            "address": "", 
            "employee_type": 1, 
            "bank_account_number": "0051639217", 
            "bank": [
                "Access Bank"
            ], 
            "tax_id": "", 
            "mothers_maiden_name": "", 
            "date_modified": "2012-10-22T19:20:29.953", 
            "country": 156, 
            "marital_status": null, 
            "national_id_number": "", 
            "skip_nhis": false, 
            "pension_administrator": 16, 
            "birth_date": "1976-05-23", 
            "position": 17
        }
    }, 
    {
        "pk": 27, 
        "model": "employees.employee", 
        "fields": {
            "skip_nhf": false, 
            "last_name": "Okon", 
            "blood_group": "", 
            "staff_id_number": "YCLS/010", 
            "sex": "M", 
            "pfa_pin": "00000000005", 
            "termination_date": null, 
            "skip_pension": false, 
            "state_of_origin": 3, 
            "permanent_address": "", 
            "unit": 7, 
            "grade_level": 1, 
            "first_name": "Jimmy", 
            "middle_name": "", 
            "genotype": "", 
            "title": null, 
            "hire_date": "2008-11-30", 
            "pay_template": 7, 
            "maiden_name": "", 
            "passport_number": "", 
            "religion": null, 
            "location": 3, 
            "basic": "480000.00", 
            "email": "okon@ecomtrading.com", 
            "status": 4, 
            "photo": "", 
            "confirmation_date": null, 
            "lga": null, 
            "state_of_residence": 25, 
            "phone": "", 
            "date_created": "2012-09-05T09:09:24.375", 
            "user": [
                "jokon"
            ], 
            "address": "", 
            "employee_type": 1, 
            "bank_account_number": "2080709527", 
            "bank": [
                "Zenith Bank"
            ], 
            "tax_id": "", 
            "mothers_maiden_name": "", 
            "date_modified": "2012-10-22T19:20:29.968", 
            "country": null, 
            "marital_status": null, 
            "national_id_number": "", 
            "skip_nhis": false, 
            "pension_administrator": 16, 
            "birth_date": "1972-01-10", 
            "position": 8
        }
    }, 
    {
        "pk": 72, 
        "model": "employees.employee", 
        "fields": {
            "skip_nhf": false, 
            "last_name": "Bassey", 
            "blood_group": "", 
            "staff_id_number": "YCLS/011", 
            "sex": "M", 
            "pfa_pin": "0000000031", 
            "termination_date": null, 
            "skip_pension": false, 
            "state_of_origin": 3, 
            "permanent_address": "", 
            "unit": 8, 
            "grade_level": 1, 
            "first_name": "Joel", 
            "middle_name": "", 
            "genotype": "", 
            "title": null, 
            "hire_date": "2008-07-01", 
            "pay_template": 7, 
            "maiden_name": "", 
            "passport_number": "", 
            "religion": null, 
            "location": 3, 
            "basic": "720000.00", 
            "email": "jbassey@ecomtrading.com", 
            "status": 4, 
            "photo": "", 
            "confirmation_date": null, 
            "lga": null, 
            "state_of_residence": 9, 
            "phone": "", 
            "date_created": "2012-09-18T14:12:08.684", 
            "user": [
                "jbassey"
            ], 
            "address": "", 
            "employee_type": 1, 
            "bank_account_number": "2004082790", 
            "bank": [
                "Zenith Bank"
            ], 
            "tax_id": "", 
            "mothers_maiden_name": "", 
            "date_modified": "2012-10-22T19:20:29.968", 
            "country": null, 
            "marital_status": null, 
            "national_id_number": "", 
            "skip_nhis": false, 
            "pension_administrator": 16, 
            "birth_date": "1978-11-11", 
            "position": 10
        }
    }, 
    {
        "pk": 30, 
        "model": "employees.employee", 
        "fields": {
            "skip_nhf": false, 
            "last_name": "Ogunfeyimi", 
            "blood_group": "", 
            "staff_id_number": "YCLS/028", 
            "sex": "M", 
            "pfa_pin": "PEN100581194515", 
            "termination_date": null, 
            "skip_pension": false, 
            "state_of_origin": 29, 
            "permanent_address": "", 
            "unit": 5, 
            "grade_level": 1, 
            "first_name": "John", 
            "middle_name": "", 
            "genotype": "", 
            "title": null, 
            "hire_date": "2011-11-01", 
            "pay_template": 7, 
            "maiden_name": "", 
            "passport_number": "", 
            "religion": null, 
            "location": 4, 
            "basic": "480000.00", 
            "email": "aolatubosun@ecomtrading.com", 
            "status": 4, 
            "photo": "", 
            "confirmation_date": null, 
            "lga": null, 
            "state_of_residence": 25, 
            "phone": "", 
            "date_created": "2012-09-05T09:56:01.980", 
            "user": [
                "jogunfeyimi"
            ], 
            "address": "", 
            "employee_type": 1, 
            "bank_account_number": "2080697437", 
            "bank": [
                "Zenith Bank"
            ], 
            "tax_id": "", 
            "mothers_maiden_name": "", 
            "date_modified": "2012-10-22T19:20:29.968", 
            "country": null, 
            "marital_status": null, 
            "national_id_number": "", 
            "skip_nhis": false, 
            "pension_administrator": 16, 
            "birth_date": "1983-02-02", 
            "position": 28
        }
    }, 
    {
        "pk": 81, 
        "model": "employees.employee", 
        "fields": {
            "skip_nhf": false, 
            "last_name": "Adeniranye", 
            "blood_group": "", 
            "staff_id_number": "YCLS/025", 
            "sex": "M", 
            "pfa_pin": "PEN09060012232", 
            "termination_date": null, 
            "skip_pension": false, 
            "state_of_origin": 29, 
            "permanent_address": "", 
            "unit": 11, 
            "grade_level": 1, 
            "first_name": "Johnson", 
            "middle_name": "", 
            "genotype": "", 
            "title": null, 
            "hire_date": "2012-08-01", 
            "pay_template": 7, 
            "maiden_name": "", 
            "passport_number": "", 
            "religion": null, 
            "location": 4, 
            "basic": "360000.00", 
            "email": "adebee4luv@yahoo.com", 
            "status": 4, 
            "photo": "", 
            "confirmation_date": null, 
            "lga": null, 
            "state_of_residence": 25, 
            "phone": "", 
            "date_created": "2012-09-25T08:54:51.268", 
            "user": [
                "jadeniranye"
            ], 
            "address": "", 
            "employee_type": 1, 
            "bank_account_number": "0005888679", 
            "bank": [
                "GTBank"
            ], 
            "tax_id": "", 
            "mothers_maiden_name": "", 
            "date_modified": "2012-10-22T19:20:29.984", 
            "country": null, 
            "marital_status": null, 
            "national_id_number": "", 
            "skip_nhis": false, 
            "pension_administrator": 16, 
            "birth_date": "1984-05-21", 
            "position": 30
        }
    }, 
    {
        "pk": 34, 
        "model": "employees.employee", 
        "fields": {
            "skip_nhf": false, 
            "last_name": "Odio", 
            "blood_group": "", 
            "staff_id_number": "YCLS/021", 
            "sex": "F", 
            "pfa_pin": "0000000009", 
            "termination_date": null, 
            "skip_pension": false, 
            "state_of_origin": 12, 
            "permanent_address": "", 
            "unit": 6, 
            "grade_level": 1, 
            "first_name": "Mary", 
            "middle_name": "Iyabo", 
            "genotype": "", 
            "title": 3, 
            "hire_date": "2012-01-01", 
            "pay_template": 7, 
            "maiden_name": "", 
            "passport_number": "", 
            "religion": null, 
            "location": 4, 
            "basic": "420000.00", 
            "email": "modio@ecomtrading.com", 
            "status": 4, 
            "photo": "", 
            "confirmation_date": null, 
            "lga": null, 
            "state_of_residence": 25, 
            "phone": "08060694567", 
            "date_created": "2012-09-05T10:14:03.835", 
            "user": [
                "modio"
            ], 
            "address": "", 
            "employee_type": 1, 
            "bank_account_number": "2080697509", 
            "bank": [
                "Zenith Bank"
            ], 
            "tax_id": "", 
            "mothers_maiden_name": "", 
            "date_modified": "2012-10-22T19:20:29.984", 
            "country": null, 
            "marital_status": null, 
            "national_id_number": "", 
            "skip_nhis": false, 
            "pension_administrator": 16, 
            "birth_date": "1987-12-31", 
            "position": 17
        }
    }, 
    {
        "pk": 31, 
        "model": "employees.employee", 
        "fields": {
            "skip_nhf": false, 
            "last_name": "Obadaofin ", 
            "blood_group": "", 
            "staff_id_number": "YCLS/030", 
            "sex": "M", 
            "pfa_pin": "PEN100612147513", 
            "termination_date": null, 
            "skip_pension": false, 
            "state_of_origin": 29, 
            "permanent_address": "", 
            "unit": 8, 
            "grade_level": 1, 
            "first_name": "Monday", 
            "middle_name": "Fredrick", 
            "genotype": "", 
            "title": null, 
            "hire_date": "2010-01-05", 
            "pay_template": 7, 
            "maiden_name": "", 
            "passport_number": "", 
            "religion": null, 
            "location": 2, 
            "basic": "1260000.00", 
            "email": "fmonday@ecomtrading.com", 
            "status": 4, 
            "photo": "", 
            "confirmation_date": null, 
            "lga": null, 
            "state_of_residence": 29, 
            "phone": "", 
            "date_created": "2012-09-05T09:59:24.203", 
            "user": [
                "mobadaofin"
            ], 
            "address": "", 
            "employee_type": 1, 
            "bank_account_number": "9200784087", 
            "bank": [
                "Stanbic IBTC Bank Nigeria Limited"
            ], 
            "tax_id": "", 
            "mothers_maiden_name": "", 
            "date_modified": "2012-10-22T19:20:29.984", 
            "country": null, 
            "marital_status": null, 
            "national_id_number": "", 
            "skip_nhis": false, 
            "pension_administrator": 16, 
            "birth_date": "1968-08-16", 
            "position": 11
        }
    }, 
    {
        "pk": 28, 
        "model": "employees.employee", 
        "fields": {
            "skip_nhf": false, 
            "last_name": "Akintaro", 
            "blood_group": "", 
            "staff_id_number": "YCLS/020", 
            "sex": "M", 
            "pfa_pin": "PEN100424341062", 
            "termination_date": null, 
            "skip_pension": false, 
            "state_of_origin": 30, 
            "permanent_address": "", 
            "unit": 5, 
            "grade_level": 1, 
            "first_name": "Moses", 
            "middle_name": "", 
            "genotype": "", 
            "title": null, 
            "hire_date": "2011-08-29", 
            "pay_template": 7, 
            "maiden_name": "", 
            "passport_number": "", 
            "religion": null, 
            "location": 4, 
            "basic": "840000.00", 
            "email": "amoses@ecomtrading.com", 
            "status": 4, 
            "photo": "", 
            "confirmation_date": null, 
            "lga": null, 
            "state_of_residence": 25, 
            "phone": "", 
            "date_created": "2012-09-05T09:14:01.194", 
            "user": [
                "makintaro"
            ], 
            "address": "", 
            "employee_type": 1, 
            "bank_account_number": "2008987439", 
            "bank": [
                "Zenith Bank"
            ], 
            "tax_id": "", 
            "mothers_maiden_name": "", 
            "date_modified": "2012-10-22T19:20:30", 
            "country": null, 
            "marital_status": null, 
            "national_id_number": "", 
            "skip_nhis": false, 
            "pension_administrator": 16, 
            "birth_date": "1976-04-09", 
            "position": 6
        }
    }, 
    {
        "pk": 39, 
        "model": "employees.employee", 
        "fields": {
            "skip_nhf": false, 
            "last_name": "Arajulu", 
            "blood_group": "", 
            "staff_id_number": "YCLS/003", 
            "sex": "M", 
            "pfa_pin": "PEN100144970222", 
            "termination_date": null, 
            "skip_pension": false, 
            "state_of_origin": 29, 
            "permanent_address": "", 
            "unit": 6, 
            "grade_level": 1, 
            "first_name": "Olatubosun", 
            "middle_name": "", 
            "genotype": "", 
            "title": null, 
            "hire_date": "2006-05-01", 
            "pay_template": 7, 
            "maiden_name": "", 
            "passport_number": "", 
            "religion": 1, 
            "location": 4, 
            "basic": "2400000.00", 
            "email": "aolatubosun@ecomtrading.com", 
            "status": 4, 
            "photo": "", 
            "confirmation_date": null, 
            "lga": 24, 
            "state_of_residence": 25, 
            "phone": "08035261818", 
            "date_created": "2012-09-05T11:12:58.082", 
            "user": [
                "oarajulu"
            ], 
            "address": "", 
            "employee_type": 1, 
            "bank_account_number": "1001561710", 
            "bank": [
                "Zenith Bank"
            ], 
            "tax_id": "", 
            "mothers_maiden_name": "", 
            "date_modified": "2012-10-22T19:20:30", 
            "country": 156, 
            "marital_status": null, 
            "national_id_number": "", 
            "skip_nhis": false, 
            "pension_administrator": 16, 
            "birth_date": "1979-11-19", 
            "position": 5
        }
    }, 
    {
        "pk": 40, 
        "model": "employees.employee", 
        "fields": {
            "skip_nhf": false, 
            "last_name": "Neville", 
            "blood_group": "", 
            "staff_id_number": "YCLS/001", 
            "sex": "M", 
            "pfa_pin": "00000000013", 
            "termination_date": null, 
            "skip_pension": false, 
            "state_of_origin": 15, 
            "permanent_address": "", 
            "unit": 4, 
            "grade_level": 1, 
            "first_name": "Ronald", 
            "middle_name": "", 
            "genotype": "", 
            "title": null, 
            "hire_date": "2012-04-01", 
            "pay_template": 7, 
            "maiden_name": "", 
            "passport_number": "", 
            "religion": null, 
            "location": 4, 
            "basic": "6040000.00", 
            "email": "rneville@ecomtrading.com", 
            "status": 4, 
            "photo": "employees/photos/2012/11/carlaharris-210x240.jpg", 
            "confirmation_date": null, 
            "lga": null, 
            "state_of_residence": 25, 
            "phone": "", 
            "date_created": "2012-09-05T11:16:59.259", 
            "user": [
                "rneville"
            ], 
            "address": "", 
            "employee_type": 1, 
            "bank_account_number": "0001370906", 
            "bank": [
                "Standard Chartered Bank"
            ], 
            "tax_id": "", 
            "mothers_maiden_name": "", 
            "date_modified": "2012-11-12T18:25:25.546", 
            "country": null, 
            "marital_status": null, 
            "national_id_number": "", 
            "skip_nhis": false, 
            "pension_administrator": 16, 
            "birth_date": "1981-07-12", 
            "position": 1
        }
    }, 
    {
        "pk": 84, 
        "model": "employees.employee", 
        "fields": {
            "skip_nhf": false, 
            "last_name": "Muftau", 
            "blood_group": "", 
            "staff_id_number": "YCLS/047", 
            "sex": "M", 
            "pfa_pin": "", 
            "termination_date": null, 
            "skip_pension": false, 
            "state_of_origin": null, 
            "permanent_address": "", 
            "unit": 11, 
            "grade_level": 1, 
            "first_name": "Sagbohan", 
            "middle_name": "", 
            "genotype": "", 
            "title": 1, 
            "hire_date": "2012-09-01", 
            "pay_template": 7, 
            "maiden_name": "", 
            "passport_number": "", 
            "religion": null, 
            "location": 4, 
            "basic": "60000.00", 
            "email": "rneville@ecomtrading.com", 
            "status": 4, 
            "photo": "", 
            "confirmation_date": null, 
            "lga": null, 
            "state_of_residence": 25, 
            "phone": "07069581914", 
            "date_created": "2012-09-28T04:09:51.872", 
            "user": [
                "smuftau"
            ], 
            "address": "", 
            "employee_type": 1, 
            "bank_account_number": "", 
            "bank": null, 
            "tax_id": "", 
            "mothers_maiden_name": "", 
            "date_modified": "2012-10-22T19:20:30.015", 
            "country": 156, 
            "marital_status": 2, 
            "national_id_number": "", 
            "skip_nhis": false, 
            "pension_administrator": null, 
            "birth_date": "1965-10-23", 
            "position": 31
        }
    }, 
    {
        "pk": 64, 
        "model": "employees.employee", 
        "fields": {
            "skip_nhf": false, 
            "last_name": "Adeyemi", 
            "blood_group": "", 
            "staff_id_number": "YCTP/001", 
            "sex": "M", 
            "pfa_pin": "0000000018", 
            "termination_date": null, 
            "skip_pension": false, 
            "state_of_origin": 29, 
            "permanent_address": "", 
            "unit": 7, 
            "grade_level": 1, 
            "first_name": "Stanley", 
            "middle_name": "", 
            "genotype": "", 
            "title": null, 
            "hire_date": "2012-01-01", 
            "pay_template": 7, 
            "maiden_name": "", 
            "passport_number": "", 
            "religion": null, 
            "location": 2, 
            "basic": "240000.00", 
            "email": "halabi@ecomtrading.com", 
            "status": 4, 
            "photo": "", 
            "confirmation_date": null, 
            "lga": 24, 
            "state_of_residence": 29, 
            "phone": "", 
            "date_created": "2012-09-12T14:59:07.291", 
            "user": [
                "sadeyemi"
            ], 
            "address": "", 
            "employee_type": 5, 
            "bank_account_number": "0000000006", 
            "bank": [
                "Zenith Bank"
            ], 
            "tax_id": "", 
            "mothers_maiden_name": "", 
            "date_modified": "2012-10-22T19:20:30.015", 
            "country": 156, 
            "marital_status": null, 
            "national_id_number": "", 
            "skip_nhis": false, 
            "pension_administrator": 16, 
            "birth_date": "1960-10-01", 
            "position": 18
        }
    }, 
    {
        "pk": 32, 
        "model": "employees.employee", 
        "fields": {
            "skip_nhf": false, 
            "last_name": "Chukwuma", 
            "blood_group": "", 
            "staff_id_number": "YCLS/031", 
            "sex": "M", 
            "pfa_pin": "0000000007", 
            "termination_date": null, 
            "skip_pension": false, 
            "state_of_origin": 1, 
            "permanent_address": "", 
            "unit": 10, 
            "grade_level": 1, 
            "first_name": "Stephen", 
            "middle_name": "", 
            "genotype": "", 
            "title": null, 
            "hire_date": "2012-03-15", 
            "pay_template": 7, 
            "maiden_name": "", 
            "passport_number": "", 
            "religion": null, 
            "location": 4, 
            "basic": "1800000.00", 
            "email": "schukwuma@ecomtrading.com", 
            "status": 4, 
            "photo": "", 
            "confirmation_date": null, 
            "lga": null, 
            "state_of_residence": 25, 
            "phone": "", 
            "date_created": "2012-09-05T10:04:33.170", 
            "user": [
                "schukwuma"
            ], 
            "address": "", 
            "employee_type": 1, 
            "bank_account_number": "1003944115", 
            "bank": [
                "Zenith Bank"
            ], 
            "tax_id": "", 
            "mothers_maiden_name": "", 
            "date_modified": "2012-10-22T19:20:30.031", 
            "country": null, 
            "marital_status": null, 
            "national_id_number": "", 
            "skip_nhis": false, 
            "pension_administrator": 16, 
            "birth_date": "1980-03-16", 
            "position": 16
        }
    }, 
    {
        "pk": 37, 
        "model": "employees.employee", 
        "fields": {
            "skip_nhf": false, 
            "last_name": "Obasun", 
            "blood_group": "", 
            "staff_id_number": "YCLS/036", 
            "sex": "M", 
            "pfa_pin": "", 
            "termination_date": null, 
            "skip_pension": false, 
            "state_of_origin": 15, 
            "permanent_address": "", 
            "unit": 7, 
            "grade_level": 1, 
            "first_name": "Taiwo", 
            "middle_name": "", 
            "genotype": "", 
            "title": null, 
            "hire_date": "2012-01-01", 
            "pay_template": 7, 
            "maiden_name": "", 
            "passport_number": "", 
            "religion": null, 
            "location": 4, 
            "basic": "300000.00", 
            "email": "aolatubosun@ecomtrading.com", 
            "status": 4, 
            "photo": "", 
            "confirmation_date": null, 
            "lga": null, 
            "state_of_residence": 25, 
            "phone": "", 
            "date_created": "2012-09-05T10:25:50.769", 
            "user": [
                "tobasun"
            ], 
            "address": "", 
            "employee_type": 5, 
            "bank_account_number": "2004035624", 
            "bank": [
                "Zenith Bank"
            ], 
            "tax_id": "", 
            "mothers_maiden_name": "", 
            "date_modified": "2012-10-22T19:20:30.031", 
            "country": null, 
            "marital_status": null, 
            "national_id_number": "", 
            "skip_nhis": false, 
            "pension_administrator": 16, 
            "birth_date": "1960-10-01", 
            "position": 18
        }
    }, 
    {
        "pk": 26, 
        "model": "employees.employee", 
        "fields": {
            "skip_nhf": false, 
            "last_name": "Adediran", 
            "blood_group": "", 
            "staff_id_number": "YCLS/017", 
            "sex": "F", 
            "pfa_pin": "PEN200522985212", 
            "termination_date": null, 
            "skip_pension": false, 
            "state_of_origin": 31, 
            "permanent_address": "", 
            "unit": 9, 
            "grade_level": 1, 
            "first_name": "Temitope", 
            "middle_name": "", 
            "genotype": "", 
            "title": null, 
            "hire_date": "2010-07-05", 
            "pay_template": 7, 
            "maiden_name": "", 
            "passport_number": "", 
            "religion": null, 
            "location": 4, 
            "basic": "1200000.00", 
            "email": "tadediran@ecomtrading.com", 
            "status": 4, 
            "photo": "", 
            "confirmation_date": null, 
            "lga": null, 
            "state_of_residence": 25, 
            "phone": "", 
            "date_created": "2012-09-05T09:05:12.407", 
            "user": [
                "tadediran"
            ], 
            "address": "", 
            "employee_type": 1, 
            "bank_account_number": "2080239114", 
            "bank": [
                "Zenith Bank"
            ], 
            "tax_id": "", 
            "mothers_maiden_name": "", 
            "date_modified": "2012-10-22T19:20:30.031", 
            "country": null, 
            "marital_status": null, 
            "national_id_number": "", 
            "skip_nhis": false, 
            "pension_administrator": 16, 
            "birth_date": "1979-07-05", 
            "position": 13
        }
    }, 
    {
        "pk": 83, 
        "model": "employees.employee", 
        "fields": {
            "skip_nhf": false, 
            "last_name": "Okunnuwa", 
            "blood_group": "", 
            "staff_id_number": "YCLS/035", 
            "sex": "M", 
            "pfa_pin": "", 
            "termination_date": null, 
            "skip_pension": false, 
            "state_of_origin": 29, 
            "permanent_address": "", 
            "unit": 5, 
            "grade_level": 1, 
            "first_name": "Yomi", 
            "middle_name": "", 
            "genotype": "", 
            "title": 1, 
            "hire_date": "2012-08-01", 
            "pay_template": 7, 
            "maiden_name": "", 
            "passport_number": "", 
            "religion": null, 
            "location": 4, 
            "basic": "480000.00", 
            "email": "smartokunuwa@yahoo.com", 
            "status": 4, 
            "photo": "", 
            "confirmation_date": null, 
            "lga": null, 
            "state_of_residence": 25, 
            "phone": "", 
            "date_created": "2012-09-25T09:03:24.899", 
            "user": [
                "yokunnuwa"
            ], 
            "address": "", 
            "employee_type": 1, 
            "bank_account_number": "2034530573", 
            "bank": [
                "United Bank for Africa"
            ], 
            "tax_id": "", 
            "mothers_maiden_name": "", 
            "date_modified": "2012-10-22T19:20:30.046", 
            "country": null, 
            "marital_status": null, 
            "national_id_number": "", 
            "skip_nhis": false, 
            "pension_administrator": null, 
            "birth_date": "1983-06-12", 
            "position": 28
        }
    }, 
    {
        "pk": 121, 
        "model": "employees.placement", 
        "fields": {
            "role": "", 
            "location": 4, 
            "employee": 84, 
            "position": 31, 
            "start_date": "2012-09-01", 
            "unit": 11
        }
    }, 
    {
        "pk": 120, 
        "model": "employees.placement", 
        "fields": {
            "role": "", 
            "location": 4, 
            "employee": 83, 
            "position": 28, 
            "start_date": "2012-09-25", 
            "unit": 11
        }
    }, 
    {
        "pk": 119, 
        "model": "employees.placement", 
        "fields": {
            "role": "", 
            "location": 4, 
            "employee": 82, 
            "position": 28, 
            "start_date": "2012-08-25", 
            "unit": 11
        }
    }, 
    {
        "pk": 118, 
        "model": "employees.placement", 
        "fields": {
            "role": "", 
            "location": 4, 
            "employee": 81, 
            "position": 30, 
            "start_date": "2012-09-25", 
            "unit": 11
        }
    }, 
    {
        "pk": 114, 
        "model": "employees.placement", 
        "fields": {
            "role": "", 
            "location": 3, 
            "employee": 74, 
            "position": 27, 
            "start_date": "2012-01-01", 
            "unit": 5
        }
    }, 
    {
        "pk": 113, 
        "model": "employees.placement", 
        "fields": {
            "role": "", 
            "location": 2, 
            "employee": 73, 
            "position": 18, 
            "start_date": "2012-01-01", 
            "unit": 7
        }
    }, 
    {
        "pk": 112, 
        "model": "employees.placement", 
        "fields": {
            "role": "", 
            "location": 3, 
            "employee": 72, 
            "position": 10, 
            "start_date": "2008-07-01", 
            "unit": 8
        }
    }, 
    {
        "pk": 111, 
        "model": "employees.placement", 
        "fields": {
            "role": "", 
            "location": 4, 
            "employee": 71, 
            "position": 21, 
            "start_date": "2012-01-01", 
            "unit": 11
        }
    }, 
    {
        "pk": 110, 
        "model": "employees.placement", 
        "fields": {
            "role": "", 
            "location": 3, 
            "employee": 70, 
            "position": 27, 
            "start_date": "2012-01-01", 
            "unit": 5
        }
    }, 
    {
        "pk": 109, 
        "model": "employees.placement", 
        "fields": {
            "role": "", 
            "location": 3, 
            "employee": 69, 
            "position": 27, 
            "start_date": "2012-01-01", 
            "unit": 5
        }
    }, 
    {
        "pk": 107, 
        "model": "employees.placement", 
        "fields": {
            "role": "", 
            "location": 3, 
            "employee": 67, 
            "position": 18, 
            "start_date": "2012-01-01", 
            "unit": 7
        }
    }, 
    {
        "pk": 106, 
        "model": "employees.placement", 
        "fields": {
            "role": "", 
            "location": 3, 
            "employee": 66, 
            "position": 18, 
            "start_date": "2012-01-01", 
            "unit": 7
        }
    }, 
    {
        "pk": 105, 
        "model": "employees.placement", 
        "fields": {
            "role": "", 
            "location": 2, 
            "employee": 65, 
            "position": 27, 
            "start_date": "2012-01-01", 
            "unit": 5
        }
    }, 
    {
        "pk": 104, 
        "model": "employees.placement", 
        "fields": {
            "role": "", 
            "location": 2, 
            "employee": 64, 
            "position": 18, 
            "start_date": "2012-01-01", 
            "unit": 7
        }
    }, 
    {
        "pk": 102, 
        "model": "employees.placement", 
        "fields": {
            "role": "", 
            "location": 2, 
            "employee": 62, 
            "position": 17, 
            "start_date": "2012-01-01", 
            "unit": 12
        }
    }, 
    {
        "pk": 80, 
        "model": "employees.placement", 
        "fields": {
            "role": "", 
            "location": 4, 
            "employee": 11, 
            "position": 4, 
            "start_date": "2006-01-03", 
            "unit": 5
        }
    }, 
    {
        "pk": 79, 
        "model": "employees.placement", 
        "fields": {
            "role": "", 
            "location": 4, 
            "employee": 26, 
            "position": 13, 
            "start_date": "2010-07-05", 
            "unit": 9
        }
    }, 
    {
        "pk": 78, 
        "model": "employees.placement", 
        "fields": {
            "role": "", 
            "location": 4, 
            "employee": 37, 
            "position": 18, 
            "start_date": "2012-01-01", 
            "unit": 7
        }
    }, 
    {
        "pk": 77, 
        "model": "employees.placement", 
        "fields": {
            "role": "", 
            "location": 4, 
            "employee": 32, 
            "position": 16, 
            "start_date": "2012-03-15", 
            "unit": 10
        }
    }, 
    {
        "pk": 76, 
        "model": "employees.placement", 
        "fields": {
            "role": "", 
            "location": 4, 
            "employee": 40, 
            "position": 1, 
            "start_date": "2012-04-01", 
            "unit": 4
        }
    }, 
    {
        "pk": 75, 
        "model": "employees.placement", 
        "fields": {
            "role": "", 
            "location": 4, 
            "employee": 39, 
            "position": 5, 
            "start_date": "2006-05-01", 
            "unit": 6
        }
    }, 
    {
        "pk": 74, 
        "model": "employees.placement", 
        "fields": {
            "role": "", 
            "location": 4, 
            "employee": 28, 
            "position": 6, 
            "start_date": "2010-08-29", 
            "unit": 5
        }
    }, 
    {
        "pk": 73, 
        "model": "employees.placement", 
        "fields": {
            "role": "", 
            "location": 2, 
            "employee": 31, 
            "position": 11, 
            "start_date": "2010-01-05", 
            "unit": 8
        }
    }, 
    {
        "pk": 72, 
        "model": "employees.placement", 
        "fields": {
            "role": "", 
            "location": 4, 
            "employee": 34, 
            "position": 17, 
            "start_date": "2012-01-01", 
            "unit": 6
        }
    }, 
    {
        "pk": 71, 
        "model": "employees.placement", 
        "fields": {
            "role": "", 
            "location": 4, 
            "employee": 30, 
            "position": 15, 
            "start_date": "2011-11-01", 
            "unit": 5
        }
    }, 
    {
        "pk": 69, 
        "model": "employees.placement", 
        "fields": {
            "role": "", 
            "location": 3, 
            "employee": 27, 
            "position": 8, 
            "start_date": "2008-11-30", 
            "unit": 7
        }
    }, 
    {
        "pk": 68, 
        "model": "employees.placement", 
        "fields": {
            "role": "", 
            "location": 2, 
            "employee": 18, 
            "position": 7, 
            "start_date": "2006-06-01", 
            "unit": 5
        }
    }, 
    {
        "pk": 67, 
        "model": "employees.placement", 
        "fields": {
            "role": "", 
            "location": 4, 
            "employee": 23, 
            "position": 8, 
            "start_date": "2009-02-02", 
            "unit": 7
        }
    }, 
    {
        "pk": 66, 
        "model": "employees.placement", 
        "fields": {
            "role": "", 
            "location": 4, 
            "employee": 33, 
            "position": 15, 
            "start_date": "2012-05-07", 
            "unit": 11
        }
    }, 
    {
        "pk": 65, 
        "model": "employees.placement", 
        "fields": {
            "role": "", 
            "location": 4, 
            "employee": 17, 
            "position": 6, 
            "start_date": "2006-01-01", 
            "unit": 5
        }
    }, 
    {
        "pk": 63, 
        "model": "employees.placement", 
        "fields": {
            "role": "", 
            "location": 4, 
            "employee": 35, 
            "position": 18, 
            "start_date": "2012-01-01", 
            "unit": 7
        }
    }, 
    {
        "pk": 62, 
        "model": "employees.placement", 
        "fields": {
            "role": "", 
            "location": 3, 
            "employee": 20, 
            "position": 20, 
            "start_date": "2007-04-01", 
            "unit": 5
        }
    }, 
    {
        "pk": 61, 
        "model": "employees.placement", 
        "fields": {
            "role": "", 
            "location": 4, 
            "employee": 25, 
            "position": 9, 
            "start_date": "2010-01-05", 
            "unit": 8
        }
    }, 
    {
        "pk": 60, 
        "model": "employees.placement", 
        "fields": {
            "role": "", 
            "location": 4, 
            "employee": 29, 
            "position": 14, 
            "start_date": "2011-02-01", 
            "unit": 6
        }
    }, 
    {
        "pk": 59, 
        "model": "employees.placement", 
        "fields": {
            "role": "", 
            "location": 4, 
            "employee": 40, 
            "position": 1, 
            "start_date": "2012-04-01", 
            "unit": 4
        }
    }, 
    {
        "pk": 58, 
        "model": "employees.placement", 
        "fields": {
            "role": "", 
            "location": 4, 
            "employee": 39, 
            "position": 5, 
            "start_date": "2006-05-01", 
            "unit": 6
        }
    }, 
    {
        "pk": 57, 
        "model": "employees.placement", 
        "fields": {
            "role": "", 
            "location": 4, 
            "employee": 22, 
            "position": 12, 
            "start_date": "2008-10-27", 
            "unit": 6
        }
    }, 
    {
        "pk": 56, 
        "model": "employees.placement", 
        "fields": {
            "role": "", 
            "location": 4, 
            "employee": 37, 
            "position": 18, 
            "start_date": "2012-01-01", 
            "unit": 7
        }
    }, 
    {
        "pk": 54, 
        "model": "employees.placement", 
        "fields": {
            "role": "", 
            "location": 4, 
            "employee": 35, 
            "position": 18, 
            "start_date": "2012-01-01", 
            "unit": 7
        }
    }, 
    {
        "pk": 53, 
        "model": "employees.placement", 
        "fields": {
            "role": "", 
            "location": 4, 
            "employee": 34, 
            "position": 17, 
            "start_date": "2012-01-01", 
            "unit": 6
        }
    }, 
    {
        "pk": 52, 
        "model": "employees.placement", 
        "fields": {
            "role": "", 
            "location": 4, 
            "employee": 33, 
            "position": 15, 
            "start_date": "2012-05-07", 
            "unit": 11
        }
    }, 
    {
        "pk": 51, 
        "model": "employees.placement", 
        "fields": {
            "role": "", 
            "location": 4, 
            "employee": 32, 
            "position": 16, 
            "start_date": "2012-03-15", 
            "unit": 10
        }
    }, 
    {
        "pk": 50, 
        "model": "employees.placement", 
        "fields": {
            "role": "", 
            "location": 2, 
            "employee": 31, 
            "position": 11, 
            "start_date": "2010-01-05", 
            "unit": 8
        }
    }, 
    {
        "pk": 49, 
        "model": "employees.placement", 
        "fields": {
            "role": "", 
            "location": 4, 
            "employee": 30, 
            "position": 15, 
            "start_date": "2011-11-01", 
            "unit": 5
        }
    }, 
    {
        "pk": 48, 
        "model": "employees.placement", 
        "fields": {
            "role": "", 
            "location": 4, 
            "employee": 29, 
            "position": 14, 
            "start_date": "2011-02-01", 
            "unit": 6
        }
    }, 
    {
        "pk": 47, 
        "model": "employees.placement", 
        "fields": {
            "role": "", 
            "location": 4, 
            "employee": 28, 
            "position": 6, 
            "start_date": "2010-08-29", 
            "unit": 5
        }
    }, 
    {
        "pk": 46, 
        "model": "employees.placement", 
        "fields": {
            "role": "", 
            "location": 3, 
            "employee": 27, 
            "position": 8, 
            "start_date": "2008-11-30", 
            "unit": 7
        }
    }, 
    {
        "pk": 45, 
        "model": "employees.placement", 
        "fields": {
            "role": "", 
            "location": 4, 
            "employee": 26, 
            "position": 13, 
            "start_date": "2010-07-05", 
            "unit": 9
        }
    }, 
    {
        "pk": 44, 
        "model": "employees.placement", 
        "fields": {
            "role": "", 
            "location": 4, 
            "employee": 25, 
            "position": 9, 
            "start_date": "2010-01-05", 
            "unit": 8
        }
    }, 
    {
        "pk": 43, 
        "model": "employees.placement", 
        "fields": {
            "role": "", 
            "location": 4, 
            "employee": 24, 
            "position": 8, 
            "start_date": "2009-02-02", 
            "unit": 7
        }
    }, 
    {
        "pk": 42, 
        "model": "employees.placement", 
        "fields": {
            "role": "", 
            "location": 4, 
            "employee": 23, 
            "position": 8, 
            "start_date": "2009-02-02", 
            "unit": 7
        }
    }, 
    {
        "pk": 41, 
        "model": "employees.placement", 
        "fields": {
            "role": "", 
            "location": 4, 
            "employee": 22, 
            "position": 12, 
            "start_date": "2008-10-27", 
            "unit": 6
        }
    }, 
    {
        "pk": 39, 
        "model": "employees.placement", 
        "fields": {
            "role": "", 
            "location": 3, 
            "employee": 20, 
            "position": 20, 
            "start_date": "2007-04-01", 
            "unit": 5
        }
    }, 
    {
        "pk": 38, 
        "model": "employees.placement", 
        "fields": {
            "role": "", 
            "location": 2, 
            "employee": 19, 
            "position": 8, 
            "start_date": "2010-01-01", 
            "unit": 7
        }
    }, 
    {
        "pk": 37, 
        "model": "employees.placement", 
        "fields": {
            "role": "", 
            "location": 2, 
            "employee": 18, 
            "position": 7, 
            "start_date": "2006-06-01", 
            "unit": 5
        }
    }, 
    {
        "pk": 36, 
        "model": "employees.placement", 
        "fields": {
            "role": "", 
            "location": 1, 
            "employee": 17, 
            "position": 6, 
            "start_date": "2006-01-01", 
            "unit": 5
        }
    }, 
    {
        "pk": 30, 
        "model": "employees.placement", 
        "fields": {
            "role": "", 
            "location": 1, 
            "employee": 11, 
            "position": 4, 
            "start_date": "2006-01-03", 
            "unit": 5
        }
    }, 
    {
        "pk": 1, 
        "model": "employees.termination", 
        "fields": {
            "employee": 11, 
            "last_process_date": "2012-09-14", 
            "reason": "Redundancy", 
            "exit_date": "2012-09-14", 
            "user": [
                "oarajulu"
            ]
        }
    }, 
    {
        "pk": 1, 
        "model": "employees.insurancecompany", 
        "fields": {
            "name": "Leadway Life Assurance"
        }
    }, 
    {
        "pk": 2, 
        "model": "employees.insurancecompany", 
        "fields": {
            "name": "Mansard Insurance"
        }
    }, 
    {
        "pk": 2, 
        "model": "employees.lifeinsurance", 
        "fields": {
            "end_date": "2013-04-30", 
            "policy_number": "7283782832", 
            "insurer": 2, 
            "monthly_rate": "10000.00", 
            "active": true, 
            "employee": 65, 
            "start_date": "2012-11-01"
        }
    }, 
    {
        "pk": 1, 
        "model": "employees.lifeinsurance", 
        "fields": {
            "end_date": "2013-11-30", 
            "policy_number": "02093029302", 
            "insurer": 1, 
            "monthly_rate": "5000.00", 
            "active": true, 
            "employee": 65, 
            "start_date": "2012-11-01"
        }
    }, 
    {
        "pk": 3, 
        "model": "employees.lifeinsurance", 
        "fields": {
            "end_date": "2013-11-30", 
            "policy_number": "948398343", 
            "insurer": 1, 
            "monthly_rate": "2000.00", 
            "active": true, 
            "employee": 22, 
            "start_date": "2012-11-01"
        }
    }, 
    {
        "pk": 4, 
        "model": "employees.lifeinsurance", 
        "fields": {
            "end_date": "2013-11-30", 
            "policy_number": "9829328332", 
            "insurer": 1, 
            "monthly_rate": "2000.00", 
            "active": true, 
            "employee": 24, 
            "start_date": "2012-11-01"
        }
    }
]