[
    {
        "pk": 7, 
        "model": "organization.location", 
        "fields": {
            "name": "Abuja", 
            "address": ""
        }
    }, 
    {
        "pk": 13, 
        "model": "organization.location", 
        "fields": {
            "name": "Akure", 
            "address": ""
        }
    }, 
    {
        "pk": 15, 
        "model": "organization.location", 
        "fields": {
            "name": "Asaba", 
            "address": ""
        }
    }, 
    {
        "pk": 4, 
        "model": "organization.location", 
        "fields": {
            "name": "Benin", 
            "address": ""
        }
    }, 
    {
        "pk": 10, 
        "model": "organization.location", 
        "fields": {
            "name": "Enugu", 
            "address": ""
        }
    }, 
    {
        "pk": 1, 
        "model": "organization.location", 
        "fields": {
            "name": "Head Office", 
            "address": ""
        }
    }, 
    {
        "pk": 14, 
        "model": "organization.location", 
        "fields": {
            "name": "Ibadan", 
            "address": ""
        }
    }, 
    {
        "pk": 3, 
        "model": "organization.location", 
        "fields": {
            "name": "Ijebu-Ode", 
            "address": ""
        }
    }, 
    {
        "pk": 11, 
        "model": "organization.location", 
        "fields": {
            "name": "Lagos", 
            "address": ""
        }
    }, 
    {
        "pk": 8, 
        "model": "organization.location", 
        "fields": {
            "name": "Lokoja", 
            "address": ""
        }
    }, 
    {
        "pk": 6, 
        "model": "organization.location", 
        "fields": {
            "name": "Owerri", 
            "address": ""
        }
    }, 
    {
        "pk": 12, 
        "model": "organization.location", 
        "fields": {
            "name": "PHC", 
            "address": ""
        }
    }, 
    {
        "pk": 9, 
        "model": "organization.location", 
        "fields": {
            "name": "UYO", 
            "address": ""
        }
    }, 
    {
        "pk": 5, 
        "model": "organization.location", 
        "fields": {
            "name": "Warri", 
            "address": ""
        }
    }, 
    {
        "pk": 2, 
        "model": "organization.location", 
        "fields": {
            "name": "Zaria", 
            "address": ""
        }
    }, 
    {
        "pk": 3, 
        "model": "organization.unittype", 
        "fields": {
            "name": "Branch"
        }
    }, 
    {
        "pk": 1, 
        "model": "organization.unittype", 
        "fields": {
            "name": "Company"
        }
    }, 
    {
        "pk": 2, 
        "model": "organization.unittype", 
        "fields": {
            "name": "Department"
        }
    }, 
    {
        "pk": 5, 
        "model": "organization.unittype", 
        "fields": {
            "name": "Directorate"
        }
    }, 
    {
        "pk": 6, 
        "model": "organization.unittype", 
        "fields": {
            "name": "Division"
        }
    }, 
    {
        "pk": 4, 
        "model": "organization.unittype", 
        "fields": {
            "name": "Subsidiary"
        }
    }, 
    {
        "pk": 1, 
        "model": "organization.unit", 
        "fields": {
            "head_count": null, 
            "type": 1, 
            "name": "Corporate HQ", 
            "parent": null, 
            "location": 11
        }
    }, 
    {
        "pk": 10, 
        "model": "organization.unit", 
        "fields": {
            "head_count": null, 
            "type": 2, 
            "name": "Devices and Automation", 
            "parent": 8, 
            "location": null
        }
    }, 
    {
        "pk": 8, 
        "model": "organization.unit", 
        "fields": {
            "head_count": null, 
            "type": 5, 
            "name": "Engineering", 
            "parent": 1, 
            "location": null
        }
    }, 
    {
        "pk": 9, 
        "model": "organization.unit", 
        "fields": {
            "head_count": null, 
            "type": 5, 
            "name": "Finance", 
            "parent": 1, 
            "location": null
        }
    }, 
    {
        "pk": 4, 
        "model": "organization.unit", 
        "fields": {
            "head_count": null, 
            "type": 2, 
            "name": "HR Shared Services", 
            "parent": 3, 
            "location": null
        }
    }, 
    {
        "pk": 3, 
        "model": "organization.unit", 
        "fields": {
            "head_count": 5, 
            "type": 5, 
            "name": "Human Resources", 
            "parent": 1, 
            "location": null
        }
    }, 
    {
        "pk": 2, 
        "model": "organization.unit", 
        "fields": {
            "head_count": 100, 
            "type": 5, 
            "name": "Marketing", 
            "parent": 1, 
            "location": null
        }
    }, 
    {
        "pk": 7, 
        "model": "organization.unit", 
        "fields": {
            "head_count": null, 
            "type": 2, 
            "name": "Media and Marketing Communication", 
            "parent": 5, 
            "location": null
        }
    }, 
    {
        "pk": 5, 
        "model": "organization.unit", 
        "fields": {
            "head_count": null, 
            "type": 5, 
            "name": "PR & Corporate Services", 
            "parent": 1, 
            "location": null
        }
    }, 
    {
        "pk": 12, 
        "model": "organization.unit", 
        "fields": {
            "head_count": null, 
            "type": 6, 
            "name": "Sales", 
            "parent": 2, 
            "location": null
        }
    }, 
    {
        "pk": 11, 
        "model": "organization.unit", 
        "fields": {
            "head_count": 300, 
            "type": 2, 
            "name": "Treasury", 
            "parent": 9, 
            "location": null
        }
    }, 
    {
        "pk": 6, 
        "model": "organization.unit", 
        "fields": {
            "head_count": null, 
            "type": 2, 
            "name": "Usage and Retention", 
            "parent": 2, 
            "location": null
        }
    }, 
    {
        "pk": 1, 
        "model": "organization.position", 
        "fields": {
            "description": "", 
            "reports_to": null, 
            "is_head": true, 
            "name": "CEO"
        }
    }, 
    {
        "pk": 4, 
        "model": "organization.position", 
        "fields": {
            "description": "", 
            "reports_to": 1, 
            "is_head": true, 
            "name": "Director Engineering"
        }
    }, 
    {
        "pk": 2, 
        "model": "organization.position", 
        "fields": {
            "description": "", 
            "reports_to": 1, 
            "is_head": true, 
            "name": "Director Finance"
        }
    }, 
    {
        "pk": 3, 
        "model": "organization.position", 
        "fields": {
            "description": "", 
            "reports_to": 1, 
            "is_head": true, 
            "name": "Director HR"
        }
    }, 
    {
        "pk": 7, 
        "model": "organization.position", 
        "fields": {
            "description": "", 
            "reports_to": 1, 
            "is_head": true, 
            "name": "Director Marketing and Sales"
        }
    }, 
    {
        "pk": 5, 
        "model": "organization.position", 
        "fields": {
            "description": "", 
            "reports_to": 1, 
            "is_head": true, 
            "name": "Director Media and Publicity"
        }
    }, 
    {
        "pk": 6, 
        "model": "organization.position", 
        "fields": {
            "description": "", 
            "reports_to": 1, 
            "is_head": true, 
            "name": "Director Operations"
        }
    }, 
    {
        "pk": 1, 
        "model": "organization.gradelevel", 
        "fields": {
            "placement": 1, 
            "name": "Level 1", 
            "basic": "25000000.00"
        }
    }, 
    {
        "pk": 2, 
        "model": "organization.gradelevel", 
        "fields": {
            "placement": 3, 
            "name": "Level 2", 
            "basic": "18000000.00"
        }
    }, 
    {
        "pk": 1, 
        "model": "organization.corporateaccount", 
        "fields": {
            "is_default": true, 
            "is_active": true, 
            "account_number": "0000000000", 
            "bank": [
                "GTBank"
            ]
        }
    }, 
    {
        "pk": 2, 
        "model": "organization.corporateaccount", 
        "fields": {
            "is_default": false, 
            "is_active": true, 
            "account_number": "0000000000", 
            "bank": [
                "Zenith Bank"
            ]
        }
    }
]